{
  "entities": {
    "UserProfile": {
      "$schema": "http://json-schema.org/draft-07/schema#",
      "title": "UserProfile",
      "type": "object",
      "description": "Represents a user profile in the RideMate application.",
      "properties": {
        "id": {
          "type": "string",
          "description": "Unique identifier for the user profile."
        },
        "firstName": {
          "type": "string",
          "description": "User's first name."
        },
        "lastName": {
          "type": "string",
          "description": "User's last name."
        },
        "email": {
          "type": "string",
          "description": "User's email address.",
          "format": "email"
        },
        "phoneNumber": {
          "type": "string",
          "description": "User's phone number."
        },
        "ratingIds": {
          "type": "array",
          "description": "References to Ratings given or received by the user. (Relationship: UserProfile N:N Rating)",
          "items": {
            "type": "string"
          }
        }
      },
      "required": [
        "id",
        "firstName",
        "lastName",
        "email",
        "phoneNumber"
      ]
    },
    "Ride": {
      "$schema": "http://json-schema.org/draft-07/schema#",
      "title": "Ride",
      "type": "object",
      "description": "Represents a ride offered or requested in the RideMate application.",
      "properties": {
        "id": {
          "type": "string",
          "description": "Unique identifier for the ride."
        },
        "offererId": {
          "type": "string",
          "description": "Reference to the UserProfile offering the ride. (Relationship: UserProfile 1:N Ride)"
        },
        "departureLocation": {
          "type": "string",
          "description": "Departure location of the ride (e.g., address or coordinates)."
        },
        "destinationLocation": {
          "type": "string",
          "description": "Destination location of the ride (e.g., address or coordinates)."
        },
        "departureTime": {
          "type": "string",
          "description": "Planned departure time of the ride.",
          "format": "date-time"
        },
        "availableSeats": {
          "type": "number",
          "description": "Number of available seats in the ride."
        },
        "costPerSeat": {
          "type": "number",
          "description": "Cost per seat for the ride."
        },
        "riderIds": {
          "type": "array",
          "description": "References to UserProfiles joining the ride as riders. (Relationship: UserProfile N:N Ride)",
          "items": {
            "type": "string"
          }
        }
      },
      "required": [
        "id",
        "offererId",
        "departureLocation",
        "destinationLocation",
        "departureTime",
        "availableSeats",
        "costPerSeat"
      ]
    },
    "Rating": {
      "$schema": "http://json-schema.org/draft-07/schema#",
      "title": "Rating",
      "type": "object",
      "description": "Represents a rating and review of a user's carpool experience.",
      "properties": {
        "id": {
          "type": "string",
          "description": "Unique identifier for the rating."
        },
        "raterId": {
          "type": "string",
          "description": "Reference to the UserProfile giving the rating. (Relationship: UserProfile 1:N Rating)"
        },
        "ratedUserId": {
          "type": "string",
          "description": "Reference to the UserProfile being rated. (Relationship: UserProfile 1:N Rating)"
        },
        "rideId": {
          "type": "string",
          "description": "Reference to the Ride related to rating (Relationship: Ride 1:N Rating)"
        },
        "ratingValue": {
          "type": "number",
          "description": "The rating value (e.g., on a scale of 1 to 5)."
        },
        "reviewText": {
          "type": "string",
          "description": "Optional review text providing more details about the experience."
        }
      },
      "required": [
        "id",
        "raterId",
        "ratedUserId",
        "rideId",
        "ratingValue"
      ]
    },
    "ChatMessage": {
      "$schema": "http://json-schema.org/draft-07/schema#",
      "title": "ChatMessage",
      "type": "object",
      "description": "Represents a chat message exchanged between carpool participants.",
      "properties": {
        "id": {
          "type": "string",
          "description": "Unique identifier for the chat message."
        },
        "senderId": {
          "type": "string",
          "description": "Reference to the UserProfile sending the message. (Relationship: UserProfile 1:N ChatMessage)"
        },
        "rideId": {
          "type": "string",
          "description": "Reference to the Ride the message is associated with. (Relationship: Ride 1:N ChatMessage)"
        },
        "messageText": {
          "type": "string",
          "description": "The text content of the chat message."
        },
        "timestamp": {
          "type": "string",
          "description": "Timestamp indicating when the message was sent.",
          "format": "date-time"
        }
      },
      "required": [
        "id",
        "senderId",
        "rideId",
        "messageText",
        "timestamp"
      ]
    },
    "Booking": {
      "$schema": "http://json-schema.org/draft-07/schema#",
      "title": "Booking",
      "description": "Represents a user's booking for a specific ride.",
      "type": "object",
      "properties": {
        "rideId": {
          "type": "string",
          "description": "Reference to the Ride being booked. (Relationship: Ride 1:N Booking)"
        },
        "userId": {
          "type": "string",
          "description": "Reference to the UserProfile making the booking. (Relationship: UserProfile 1:N Booking)"
        }
      },
      "required": [
        "rideId",
        "userId"
      ]
    }
  },
  "auth": {
    "providers": [
      "password",
      "anonymous"
    ]
  },
  "firestore": {
    "structure": [
      {
        "path": "/users/{userId}",
        "definition": {
          "entityName": "UserProfile",
          "schema": {
            "$ref": "#/backend/entities/UserProfile"
          },
          "description": "Stores user profile information. Path-based ownership is enforced via the 'userId' parameter.",
          "params": [
            {
              "name": "userId",
              "description": "The unique identifier of the user, matching the Firebase Auth UID."
            }
          ]
        }
      },
      {
        "path": "/rides/{rideId}",
        "definition": {
          "entityName": "Ride",
          "schema": {
            "$ref": "#/backend/entities/Ride"
          },
          "description": "Stores ride information. Includes 'offererId' to identify the ride creator and 'riderIds' as an array of user IDs who joined the ride.",
          "params": [
            {
              "name": "rideId",
              "description": "The unique identifier of the ride."
            }
          ]
        }
      },
      {
        "path": "/rides/{rideId}/bookings/{bookingId}",
        "definition": {
          "entityName": "Booking",
          "schema": {
            "$ref": "#/backend/entities/Booking"
          },
          "description": "Stores a record of a user's booking for a specific ride.",
          "params": [
            {
              "name": "rideId",
              "description": "The unique identifier of the ride."
            },
            {
              "name": "bookingId",
              "description": "The unique identifier of the booking record."
            }
          ]
        }
      },
      {
        "path": "/ratings/{ratingId}",
        "definition": {
          "entityName": "Rating",
          "schema": {
            "$ref": "#/backend/entities/Rating"
          },
          "description": "Stores ride rating information.  Includes 'raterId' and 'ratedUserId' for authorization independence. ",
          "params": [
            {
              "name": "ratingId",
              "description": "The unique identifier of the rating."
            }
          ]
        }
      },
      {
        "path": "/rides/{rideId}/messages/{messageId}",
        "definition": {
          "entityName": "ChatMessage",
          "schema": {
            "$ref": "#/backend/entities/ChatMessage"
          },
          "description": "Stores chat messages associated with a specific ride.",
          "params": [
            {
              "name": "rideId",
              "description": "The unique identifier of the ride."
            },
            {
              "name": "messageId",
              "description": "The unique identifier of the chat message."
            }
          ]
        }
      }
    ]
  }
}
    